topicName,topicUrl
ADHD,https://old.reddit.com/r/ADHD
AlternativeHealth,https://old.reddit.com/r/alternativeHealth
Amblyopia,https://old.reddit.com/r/Amblyopia
Anxiety,https://old.reddit.com/r/anxiety
Arthritis,https://old.reddit.com/r/thritis
Ask Docs,https://old.reddit.com/r/AskDocs
Aspergers,https://old.reddit.com/r/aspergers
Asthma,https://old.reddit.com/r/Asthma
Autoimmune,https://old.reddit.com/r/Autoimmune
BipolarReddit,https://old.reddit.com/r/BipolarReddit
Borderline Personality Disorder,https://old.reddit.com/r/BPD
Breast Cancer,https://old.reddit.com/r/BreastCancer
Cancer,https://old.reddit.com/r/cancer
Care Giver Support,https://old.reddit.com/r/CaregiverSupport
Chronic Fatigue Syndrome,https://old.reddit.com/r/cfs
ChronicPain,https://old.reddit.com/r/ChronicPain
Cleft Lip,https://old.reddit.com/r/cleftlip
Congenital Heart Defects,https://old.reddit.com/r/chd
Crohn's Disease,https://old.reddit.com/r/CrohnsDisease/
Dementia,https://old.reddit.com/r/dementia/
Dentistry,https://old.reddit.com/r/Dentistry/
Depression,https://old.reddit.com/r/Depression
Diabetes,https://old.reddit.com/r/diabetes
Diagnosed,https://old.reddit.com/r/Diagnosed
Dysautonomia,https://old.reddit.com/r/dysautonomia
Dystonia,https://old.reddit.com/r/dystonia
Eczema,https://old.reddit.com/r/eczema
Fibromyalgia,https://old.reddit.com/r/fibro
Fitness,https://old.reddit.com/r/Fitness
Flu,https://old.reddit.com/r/flu
Graves Disease,https://old.reddit.com/r/GravesDisease
Green,https://old.reddit.com/r/Green
Gastroparesis,https://old.reddit.com/r/Gastroparesis
Global Health,https://old.reddit.com/r/globalhealth
Gutscience,https://old.reddit.com/r/Gutscience
Healthcare,https://old.reddit.com/r/healthcare
HearingAids,https://old.reddit.com/r/hearingaids
Hemophilia,https://old.reddit.com/r/Hemophilia
hepc,https://old.reddit.com/r/hepc
High-Intensity Interval Training,https://old.reddit.com/r/HIIT
Hypothyroidism,https://old.reddit.com/r/Hypothyroidism
Ibs,https://old.reddit.com/r/ibs
Infertility,https://old.reddit.com/r/Infertility
ItsNeverLupus,https://old.reddit.com/r/itsneverlupus
Interstitial Cystitis,https://old.reddit.com/r/interstitialcystitis
Juicing,https://old.reddit.com/r/juicing
Keratoconus,https://old.reddit.com/r/Keratoconus
KidneyStones,https://old.reddit.com/r/kidneystones
Kinesiology,https://old.reddit.com/r/Kinesiology
Lactose Intolerant,https://old.reddit.com/r/lactoseintolerant
Longevity,https://old.reddit.com/r/longevity/
Macular Degeneration,https://old.reddit.com/r/maculardegeneration
MadOver30,https://old.reddit.com/r/MadOver30
Male Support Network,https://old.reddit.com/r/malesupportnetwork
Massage,https://old.reddit.com/r/Massage
Medical Students,https://old.reddit.com/r/Medical_Students/
Medicine,https://old.reddit.com/r/medicine
Menieres,https://old.reddit.com/r/menieres
Mental Health,https://old.reddit.com/r/MentalHealth
Multiple Sclerosis,https://old.reddit.com/r/MultipleSclerosis
Natural Beauty,https://old.reddit.com/r/NaturalBeauty
No More Gaming,https://old.reddit.com/r/NoMoreGaming
Nutrition,https://old.reddit.com/r/nutrition
Optometry,https://old.reddit.com/r/optometry
Paleo,https://old.reddit.com/r/Paleo
Pancreatic Cancer,https://old.reddit.com/r/PancreaticCancer
Parkinsons,https://old.reddit.com/r/parkinsons
Pescetarian,https://old.reddit.com/r/Pescetarian
Pharmacy,https://old.reddit.com/r/pharmacy
Pilonidalcyst,https://old.reddit.com/r/pilonidalcyst
Pneumothorax,https://old.reddit.com/r/pneumothoraxO2
Polyphasic,https://old.reddit.com/r/polyphasic
Posture,https://old.reddit.com/r/posture
Psoriasis,https://old.reddit.com/r/Psoriasis
Psychology,https://old.reddit.com/r/Psychology
PublicHealth,https://old.reddit.com/r/publichealth/
Rheumatoid Arthritis,https://old.reddit.com/r/rheumatoid
SleepApnea,https://old.reddit.com/r/SleepApnea
STD,https://old.reddit.com/r/STD
Stop Gaming,https://old.reddit.com/r/StopGaming
Stop Smoking,https://old.reddit.com/r/StopSmoking
SuicideWatch,https://old.reddit.com/r/SuicideWatch
Testosterone,https://old.reddit.com/r/Testosterone
Transplant,https://old.reddit.com/r/transplant
TroubledTeens,https://old.reddit.com/r/troubledteens
UKHealthcare,https://old.reddit.com/r/UKHealthcare
Veg,https://old.reddit.com/r/veg
Vegetarian,https://old.reddit.com/r/Vegetarian/
VentureBiotech,https://old.reddit.com/r/VentureBiotech
